{"accuracy": [92.95154571533203, 93.0137710571289, 93.84293365478516, 93.85932159423828, 93.86338806152344, 93.714111328125, 93.9327621459961, 93.7333755493164], "mIoU": [75.75454115867615, 75.51435232162476, 78.99377346038818, 79.51785326004028, 78.89856696128845, 79.30681705474854, 79.32028770446777, 78.42008471488953], "loss": [1.0518701990227117, 1.0420343846410187, 1.0098000137688035, 1.020702358130571, 1.0167545663131468, 1.0188866257667533, 1.0140095020716007, 1.029623091712103]}