{"accuracy": [92.75575256347656, 93.55963897705078, 93.79335021972656, 93.91919708251953, 93.9510726928711, 93.78607177734375, 93.88951873779297, 93.83686828613281], "mIoU": [74.8311996459961, 77.0329236984253, 77.62233018875122, 78.8892388343811, 78.91818881034851, 77.9259204864502, 78.51988673210144, 78.03164720535278], "loss": [0.1830778782246993, 0.16347785798599626, 0.15937707218812316, 0.17386123556263142, 0.19977186540322833, 0.21226409044712644, 0.2600342875460295, 0.28631533789352887]}