{"accuracy": [92.50049591064453, 92.12301635742188, 93.57980346679688, 93.56804656982422, 93.60330963134766, 93.6639175415039, 93.61209869384766, 93.63724517822266], "mIoU": [76.44338607788086, 76.6166090965271, 78.92518043518066, 78.89033555984497, 78.96472215652466, 79.07966375350952, 79.00780439376831, 78.84715795516968], "loss": [0.21209837357125982, 0.19543899599415418, 0.2088953496464196, 0.2367098018316586, 0.24766542944448833, 0.289708918182681, 0.3023191122927549, 0.33107503424468965]}