{"accuracy": [83.56950378417969, 83.576416015625, 83.57640075683594, 83.57638549804688, 83.576416015625, 83.57637786865234, 85.17057800292969, 83.57640838623047, 83.5763931274414, 83.57638549804688, 83.576416015625, 83.57642364501953, 85.17057800292969, 83.576416015625, 83.57637786865234, 83.5763931274414, 83.57640075683594, 83.57640075683594, 85.17057800292969, 83.5763931274414, 83.5763931274414, 83.57638549804688, 83.57640075683594, 83.57640075683594, 85.17057800292969, 83.57640075683594, 83.57640838623047, 83.5763931274414, 83.57640075683594, 83.57638549804688, 85.17057800292969, 83.576416015625, 83.57640838623047, 83.57638549804688, 83.57638549804688, 83.57640838623047, 85.17057800292969, 83.57638549804688, 83.57638549804688, 83.57640838623047, 83.5763931274414, 83.5763931274414, 85.17057800292969, 83.57638549804688, 83.57637786865234, 83.576416015625, 83.57640838623047, 85.17057800292969], "mIoU": [41.78926944732666, 41.7882114648819, 41.7881965637207, 41.788193583488464, 41.78820252418518, 41.78818762302399, 42.58529245853424, 41.78820848464966, 41.788190603256226, 41.788190603256226, 41.78820848464966, 41.78820848464966, 42.58529245853424, 41.78820252418518, 41.78818762302399, 41.78819954395294, 41.7881965637207, 41.78819954395294, 42.58529245853424, 41.788193583488464, 41.78819954395294, 41.788193583488464, 41.7881965637207, 41.78819954395294, 42.58529245853424, 41.78820252418518, 41.78820252418518, 41.788193583488464, 41.78819954395294, 41.788193583488464, 42.58529245853424, 41.78820550441742, 41.78820252418518, 41.788193583488464, 41.78818762302399, 41.78820550441742, 42.58529245853424, 41.788193583488464, 41.788193583488464, 41.78820252418518, 41.7881965637207, 41.78819954395294, 42.58529245853424, 41.788190603256226, 41.788190603256226, 41.78820848464966, 41.78820252418518, 42.58529245853424], "loss": [1.0011951933999435, 1.000000007767413, 1.0, 1.0, 1.0, 1.0, 1.0, 1.0, 1.0, 1.0, 1.0, 1.0, 1.0, 1.0, 1.0, 1.0, 1.0, 1.0, 1.0, 1.0, 1.0, 1.0, 1.0, 1.0, 1.0, 1.0, 1.0, 1.0, 1.0, 1.0, 1.0, 1.0, 1.0, 1.0, 1.0, 1.0, 1.0, 1.0, 1.0, 1.0, 1.0, 1.0, 1.0, 1.0, 1.0, 1.0, 1.0, 1.0]}