{"accuracy": [85.77281951904297, 89.08955383300781, 90.52238464355469, 91.37104034423828, 92.0294189453125, 92.55000305175781, 93.01828002929688, 93.40123748779297, 93.70618438720703, 94.05665588378906, 94.23283386230469, 94.55724334716797, 94.81877899169922, 95.09397888183594, 95.408203125, 95.5665054321289, 95.82388305664062, 96.03191375732422, 96.1466064453125, 96.36294555664062, 96.17693328857422, 96.58321380615234, 96.73920440673828, 96.83747100830078, 96.90083312988281, 96.91263580322266, 97.1456527709961, 97.19242095947266, 97.15851593017578, 97.41837310791016, 97.33729553222656, 97.44690704345703, 97.5596694946289, 97.62458038330078, 97.67224884033203, 97.63117218017578, 97.61475372314453, 97.83357238769531, 97.76041412353516, 97.9629898071289], "mIoU": [53.043895959854126, 64.3963873386383, 68.89011859893799, 71.59391641616821, 73.69989156723022, 75.38727521896362, 76.83698534965515, 78.0619740486145, 79.0495753288269, 80.15378713607788, 80.6961715221405, 81.73572421073914, 82.56673216819763, 83.45370888710022, 84.45298671722412, 84.95625853538513, 85.78749895095825, 86.45861148834229, 86.83230876922607, 87.53725290298462, 86.92789673805237, 88.2539689540863, 88.76717686653137, 89.09001350402832, 89.29846286773682, 89.33373093605042, 90.10941982269287, 90.26405811309814, 90.14837145805359, 91.01377725601196, 90.74146747589111, 91.10761880874634, 91.48468971252441, 91.70267581939697, 91.8616771697998, 91.72176122665405, 91.6644811630249, 92.40599870681763, 92.15348362922668, 92.84397959709167], "loss": [0.3636252630645076, 0.26276793817137406, 0.22865253971795108, 0.2096542406786328, 0.1943433197350618, 0.18297828244497621, 0.17089562695882243, 0.16264944481158744, 0.1550727679518109, 0.14607467942466174, 0.14188773232794502, 0.1337061629596131, 0.12750507358829533, 0.12122828153119163, 0.11325867554978997, 0.1095142158231249, 0.10263976111014168, 0.09726690355623173, 0.09440352831327145, 0.08900687909992958, 0.09408327194623174, 0.08301351442664806, 0.07909260166678647, 0.07650306440483581, 0.07456502513669358, 0.07464456724786094, 0.06837106881080664, 0.06717103293461943, 0.0678098223508118, 0.0613015032090235, 0.06344300410831646, 0.06046587172755135, 0.05774131635062148, 0.05598454460960304, 0.05472237824760019, 0.05575458416355152, 0.05659466624769047, 0.0507263882613942, 0.052806140400152496, 0.04755897751168715]}