{"accuracy": [85.41911315917969, 89.45244598388672, 90.79644012451172, 91.69800567626953, 92.30042266845703, 92.61524200439453, 93.0047607421875, 93.3589096069336, 93.66181945800781, 93.95500183105469, 94.11155700683594, 94.23335266113281, 94.38643646240234, 94.6168212890625, 94.6891098022461, 94.81407165527344, 94.93876647949219, 95.11563873291016, 95.16173553466797, 95.28899383544922, 95.184326171875, 95.41935729980469, 95.52466583251953, 95.59310913085938, 95.68629455566406, 95.75016784667969, 95.72559356689453, 95.81082916259766, 95.86296844482422, 95.98120880126953, 96.03660583496094, 96.00248718261719, 96.05007934570312, 96.0791244506836, 96.12751770019531, 96.1878662109375, 96.27735900878906, 96.25980377197266, 96.30437469482422, 96.36105346679688], "mIoU": [61.50273084640503, 69.40308213233948, 72.68351316452026, 74.93925094604492, 76.48780345916748, 77.31157541275024, 78.34035158157349, 79.2551338672638, 80.06764650344849, 80.81986904144287, 81.2519907951355, 81.58633708953857, 82.02481269836426, 82.65556693077087, 82.86706805229187, 83.21765661239624, 83.56766700744629, 84.08257961273193, 84.22412872314453, 84.58669185638428, 84.29335355758667, 84.97515916824341, 85.28449535369873, 85.49422025680542, 85.78333854675293, 85.96349954605103, 85.88722944259644, 86.13982200622559, 86.29289865493774, 86.6474449634552, 86.82210445404053, 86.72087788581848, 86.85866594314575, 86.94686889648438, 87.08359003067017, 87.27343082427979, 87.54912614822388, 87.49377131462097, 87.6276969909668, 87.80460953712463], "loss": [1.2458200816509677, 1.111348067986456, 1.0690418043172571, 1.043730793298518, 1.0261260885924122, 1.015835718853485, 1.0035756168623853, 0.9951739933019808, 0.9861373965141708, 0.9772149309699921, 0.9721226775188343, 0.9687698454441519, 0.9624249491590213, 0.954557214049809, 0.952526172942422, 0.9476086357084648, 0.9421284105552078, 0.9365424868255977, 0.9345464611985562, 0.9303321053870586, 0.9328373005033687, 0.9255076470198438, 0.9236033565795309, 0.9183480149679218, 0.9161808801449531, 0.9116072418840174, 0.9112309974162178, 0.9073337812809623, 0.9051035144283287, 0.9012580760467198, 0.8993912165874645, 0.9002299568371851, 0.896861534877406, 0.8953883819210501, 0.8930921287203035, 0.8902876416351568, 0.8870575887103795, 0.8881159667615545, 0.8863087965300713, 0.8822525117868262]}