{"accuracy": [83.59172821044922, 88.3792724609375, 89.96385192871094, 90.92423248291016, 91.59526062011719, 92.1097183227539, 92.51908874511719, 92.89678192138672, 93.27005004882812, 93.57344055175781, 93.81959533691406, 94.0822982788086, 94.40887451171875, 94.66749572753906, 94.98980712890625, 95.16828155517578, 95.36964416503906, 95.59395599365234, 95.71448516845703, 95.99685668945312, 96.11852264404297, 96.19141387939453, 96.38378143310547, 96.4348373413086, 96.57585906982422, 96.56219482421875, 96.80435943603516, 96.9979476928711, 96.85682678222656, 97.05648803710938, 97.13103485107422, 97.22055053710938, 97.1277084350586, 97.4102783203125, 97.01303100585938, 97.56427764892578, 97.4717788696289, 97.48555755615234, 97.47306823730469, 97.52222442626953], "mIoU": [58.59990119934082, 68.14132332801819, 71.71478271484375, 73.96266460418701, 75.6272554397583, 76.90622806549072, 77.93971300125122, 78.9016604423523, 79.84256148338318, 80.617356300354, 81.28332495689392, 81.97411298751831, 82.84480571746826, 83.54276418685913, 84.42403078079224, 84.9075198173523, 85.47288775444031, 86.10519170761108, 86.44469976425171, 87.24616169929504, 87.59657144546509, 87.80072927474976, 88.36140632629395, 88.51386904716492, 88.91867399215698, 88.87972831726074, 89.59309458732605, 90.16607999801636, 89.73991870880127, 90.34067988395691, 90.56237936019897, 90.83466529846191, 90.55031538009644, 91.40883684158325, 90.20074605941772, 91.88010692596436, 91.59373641014099, 91.63663983345032, 91.59408211708069, 91.74604415893555], "loss": [0.44139457319253744, 0.33010941861639376, 0.2900601268486624, 0.2654018279609617, 0.24468461164772842, 0.23050340760016347, 0.21734516903635417, 0.2065187561260574, 0.1957421119533102, 0.18704438069515922, 0.1784254586852996, 0.1710228219600229, 0.16093822534800348, 0.15250661534567667, 0.14329226772762083, 0.1377933209669995, 0.13142905902789467, 0.1237825604666035, 0.12065860599826204, 0.11215119509841474, 0.10774972777435513, 0.10605072239426636, 0.09952109575492615, 0.09772119693558998, 0.0938351509648034, 0.09408875587504911, 0.08644021810984179, 0.08103536508864963, 0.08570389429091979, 0.0790460287123491, 0.07701577967836362, 0.07416357296558579, 0.0772545481284644, 0.06871465360378498, 0.08112247143801832, 0.06436681001675809, 0.0671317516409298, 0.06657565165047905, 0.06752410883356065, 0.06593908312674922]}