{"accuracy": [92.52554321289062, 93.181884765625, 93.62696075439453, 93.36787414550781, 93.6855697631836, 93.83019256591797, 93.77413177490234, 93.67332458496094], "mIoU": [75.10322332382202, 76.67766809463501, 78.36279273033142, 76.34672522544861, 78.58332395553589, 79.06041145324707, 78.25676202774048, 77.70671844482422], "loss": [1.0423894205263697, 1.0273067029295393, 1.019490876531862, 1.0346921405621932, 1.012037046990552, 1.0146943306202405, 1.0289650936048103, 1.0353304285269516]}