{"accuracy": [85.17057800292969, 85.17057800292969, 85.17057800292969, 85.17057800292969, 85.17057800292969, 85.17057800292969, 85.17057800292969, 85.17057800292969], "mIoU": [42.58529245853424, 42.58529245853424, 42.58529245853424, 42.58529245853424, 42.58529245853424, 42.58529245853424, 42.58529245853424, 42.58529245853424], "loss": [0.3976759428137937, 0.39748632596744277, 0.39754835045435905, 0.397505072610719, 0.3974937366342152, 0.3974775130973085, 0.3976425310535415, 0.3974823207277186]}