{"accuracy": [82.73553466796875, 89.07341766357422, 82.95946502685547, 81.33232116699219, 83.57640838623047, 83.57640075683594, 83.57637786865234, 83.57643127441406, 83.57640838623047, 83.5763931274414, 83.5763931274414, 83.57640838623047, 83.57637786865234, 83.57640075683594, 83.57640075683594, 83.5763931274414, 83.5763931274414, 83.57640838623047, 83.57637023925781, 83.57638549804688, 83.57640075683594, 83.5763931274414, 83.5763931274414, 83.57640075683594, 83.57637786865234, 83.576416015625, 83.5763931274414, 83.5763931274414, 83.57640075683594, 83.57640838623047, 83.57640075683594, 83.576416015625, 83.5763931274414, 83.57640838623047, 83.57640838623047, 83.57640075683594, 83.57640075683594, 83.57638549804688, 83.57640838623047, 83.57640075683594], "mIoU": [59.7110390663147, 69.43827867507935, 59.413743019104004, 53.77696752548218, 41.78820252418518, 41.7881965637207, 41.788190603256226, 41.788214445114136, 41.78820252418518, 41.788190603256226, 41.788193583488464, 41.78820550441742, 41.788190603256226, 41.7881965637207, 41.78820252418518, 41.7881965637207, 41.78820252418518, 41.78820848464966, 41.78818166255951, 41.788193583488464, 41.78820252418518, 41.788190603256226, 41.78819954395294, 41.78819954395294, 41.78818762302399, 41.78820550441742, 41.788193583488464, 41.788193583488464, 41.78820252418518, 41.78820550441742, 41.78820550441742, 41.7882114648819, 41.788193583488464, 41.78820550441742, 41.78820252418518, 41.78820252418518, 41.7881965637207, 41.78819954395294, 41.78820550441742, 41.7881965637207], "loss": [0.5918003237092124, 0.5174702678913111, 0.5624147067906844, 0.5125963877482844, 0.4177288004952206, 0.4183916293125501, 0.41800785918090255, 0.41791040654740025, 0.41806876444256585, 0.41814657071265476, 0.41811303806648265, 0.41817218508821813, 0.417838969890064, 0.4181826365408999, 0.41807086474999344, 0.4179619786128995, 0.4180327920480766, 0.41814789203582015, 0.4181410182722224, 0.4183978957311854, 0.41786724094439415, 0.4178125184279737, 0.41796014183526614, 0.4184519106213034, 0.4199534408359779, 0.4176486866505218, 0.4190136220188619, 0.4179957849324905, 0.41828803687940247, 0.41771387591426606, 0.4179738164918986, 0.4183370736574523, 0.41774356279353525, 0.418830698982024, 0.4176847362489692, 0.4178665096837063, 0.41801981709192304, 0.41815741593720784, 0.4180155742724413, 0.4179409030462077]}