{"accuracy": [86.1148910522461, 89.38712310791016, 90.8230209350586, 91.69441986083984, 92.3878173828125, 92.80174255371094, 92.91191864013672, 93.23604583740234, 93.60635375976562, 93.9254379272461, 94.17132568359375, 94.48918151855469, 93.65145874023438, 94.7759017944336, 94.9609375, 95.23538970947266, 95.54955291748047, 95.66417694091797, 93.90990447998047, 95.83216094970703, 96.18330383300781, 96.23612213134766, 96.38838958740234, 96.59956359863281, 93.90420532226562, 96.71681213378906, 96.75029754638672, 96.8514175415039, 97.03520965576172, 97.13390350341797, 93.77213287353516, 97.20325469970703, 97.09561157226562, 97.36853790283203, 97.37418365478516, 97.34815216064453, 93.82569122314453, 97.54884338378906, 97.61270141601562, 97.45503997802734, 97.76293182373047, 97.53022003173828, 93.77849578857422, 97.84638214111328, 97.80995178222656, 97.89875793457031, 97.74134063720703, 93.87728118896484], "mIoU": [57.58788585662842, 67.29505062103271, 71.32856249809265, 73.88156652450562, 75.91692805290222, 77.12160348892212, 75.35892724990845, 78.40735912322998, 79.49926853179932, 80.46719431877136, 81.19247555732727, 82.14449882507324, 78.88882160186768, 83.00479650497437, 83.56527090072632, 84.38951969146729, 85.34101843833923, 85.69434881210327, 79.15562391281128, 86.20376586914062, 87.29336261749268, 87.44800090789795, 87.92916536331177, 88.5867714881897, 79.28551435470581, 88.95310759544373, 89.05696868896484, 89.3787145614624, 89.96070623397827, 90.27513265609741, 78.25700044631958, 90.49776792526245, 90.15247821807861, 91.02526903152466, 91.04182124137878, 90.95594882965088, 78.99830937385559, 91.6083812713623, 91.8144702911377, 91.29917621612549, 92.30400323867798, 91.5374219417572, 78.69396805763245, 92.5751268863678, 92.45525002479553, 92.74708032608032, 92.22749471664429, 78.95090579986572], "loss": [0.35040571156056244, 0.2621648253768228, 0.22921748263109867, 0.20799283036356592, 0.19271223331623985, 0.18259818820264925, 0.1775293682662229, 0.17215653430333203, 0.16333155162103588, 0.1556596597899339, 0.14914383198197187, 0.14102192798473534, 0.16166972524946965, 0.13420623865883036, 0.12896122298342672, 0.12298175156632607, 0.11439529837930601, 0.11160151003150898, 0.16623617077769545, 0.10713863708219377, 0.09787398614423719, 0.09664365781831391, 0.09234921952942075, 0.08651071252487859, 0.17482921795094078, 0.08315952036856204, 0.08216965156198523, 0.07968512965961572, 0.07457489772752161, 0.07199044153285926, 0.22106508782839476, 0.069969823691912, 0.07271734314532487, 0.06557330536187864, 0.0652863121193396, 0.066130152672583, 0.21208140338271383, 0.06069560495648531, 0.0587767835871594, 0.0633361570707001, 0.05497124284283556, 0.06144317402472444, 0.26040067079537177, 0.052675257684453455, 0.05368433842168471, 0.05131289466563365, 0.05544125004888691, 0.2614434697249316]}