{"accuracy": [86.01335144042969, 89.3586196899414, 90.80205535888672, 91.62881469726562, 92.23632049560547, 92.74110412597656, 92.85047912597656, 93.19994354248047, 93.49011993408203, 93.70558166503906, 94.10735321044922, 94.43655395507812, 93.62592315673828, 94.64849853515625, 94.96611022949219, 95.23484802246094, 95.41649627685547, 95.72827911376953, 92.77142333984375, 95.81804656982422, 96.11128234863281, 96.31229400634766, 96.39299011230469, 96.59176635742188, 93.2711410522461, 96.59027862548828, 96.89817810058594, 96.82667541503906, 96.9634017944336, 97.10680389404297, 93.23433685302734, 97.20431518554688, 97.15940856933594, 97.3709716796875, 97.21701049804688, 97.45501708984375, 93.61959838867188, 97.53108215332031, 97.54215240478516, 97.4677505493164, 97.76956176757812, 97.5940933227539, 93.6959457397461, 97.79855346679688, 97.76431274414062, 97.89263153076172, 97.81019592285156, 93.65795135498047], "mIoU": [53.34811806678772, 65.12535810470581, 69.80559825897217, 72.44784832000732, 74.37936067581177, 75.96462965011597, 74.37783479690552, 77.420973777771, 78.36440205574036, 79.02807593345642, 80.30751943588257, 81.33625984191895, 77.66373753547668, 82.02089071273804, 83.02704095840454, 83.89806151390076, 84.47544574737549, 85.48038005828857, 73.27879667282104, 85.76984405517578, 86.7164134979248, 87.37248182296753, 87.63301372528076, 88.28409910202026, 77.47359275817871, 88.271963596344, 89.28935527801514, 89.04789090156555, 89.50212001800537, 89.97660875320435, 76.29566788673401, 90.29949903488159, 90.14912843704224, 90.85304141044617, 90.33788442611694, 91.13270044326782, 77.91202068328857, 91.38680696487427, 91.42502546310425, 91.17128849029541, 92.18991994857788, 91.59594178199768, 78.2001256942749, 92.28684902191162, 92.16863512992859, 92.60373711585999, 92.32305884361267, 77.63994932174683], "loss": [0.35714224073908096, 0.2545491594984748, 0.22235948579904538, 0.20253839541293053, 0.18890541627113946, 0.17707909675077368, 0.17454263192261218, 0.16645804238959172, 0.159758634006781, 0.1539896433420522, 0.14444114568557706, 0.13711687694437819, 0.16358634237969832, 0.13166504082735003, 0.1235824335284725, 0.11636870769357167, 0.11206036721406044, 0.10420339477385188, 0.19773833660132537, 0.10210712461710629, 0.09458094810497227, 0.08899607815727373, 0.08737610994591632, 0.08209018275366554, 0.1992669474644711, 0.08243675701082552, 0.0741936429046014, 0.0761159596050002, 0.07235757595653788, 0.06872714946553636, 0.1957050325740116, 0.06625273930156719, 0.06731962405537366, 0.06192557216878731, 0.06586574980164625, 0.06007285924345405, 0.22134554498676387, 0.058025524412078644, 0.05772043956955954, 0.05995942232236063, 0.05210457677858416, 0.0562620857421983, 0.25398792915971813, 0.05130739464515252, 0.05239985023215741, 0.049023487028347704, 0.051129725622141, 0.2768023322865892]}