{"accuracy": [84.60881042480469, 88.9849853515625, 90.34349822998047, 91.16736602783203, 91.70893096923828, 92.1960678100586, 92.66802978515625, 92.9668197631836, 93.2091064453125, 93.47679138183594, 93.72968292236328, 93.99793243408203, 94.10919189453125, 94.29639434814453, 94.5238265991211, 94.60604858398438, 94.85112762451172, 94.9512939453125, 95.0403060913086, 95.21267700195312, 95.27447509765625, 95.40957641601562, 95.50497436523438, 95.6116943359375, 95.70751953125, 95.84648132324219, 95.78597259521484, 95.95166015625, 95.98907470703125, 95.99925994873047, 96.1271743774414, 96.13150024414062, 96.18881225585938, 96.27784729003906, 96.30943298339844, 96.35345458984375, 96.36356353759766, 96.44317626953125, 96.53617858886719, 96.55201721191406], "mIoU": [59.98932123184204, 68.17516684532166, 71.39449119567871, 73.45039248466492, 74.89710450172424, 76.11418962478638, 77.36221551895142, 78.0959963798523, 78.76279354095459, 79.48865294456482, 80.1639974117279, 80.88809847831726, 81.20445609092712, 81.73998594284058, 82.36861824989319, 82.60777592658997, 83.31642150878906, 83.61424803733826, 83.8679552078247, 84.36834812164307, 84.55309867858887, 84.9431037902832, 85.2315902709961, 85.55232286453247, 85.83519458770752, 86.25339865684509, 86.06835603713989, 86.57529354095459, 86.68659925460815, 86.71143054962158, 87.10770606994629, 87.11323738098145, 87.28636503219604, 87.5625729560852, 87.6577377319336, 87.79152035713196, 87.8197193145752, 88.07131052017212, 88.35639953613281, 88.40776681900024], "loss": [1.2635413986338186, 1.129003653841908, 1.0869463847743126, 1.060075424335619, 1.043920691325666, 1.028631676944031, 1.015954869887466, 1.0062613179817756, 0.9980740228307571, 0.9903770020878039, 0.9841386000070056, 0.9761799819184922, 0.9728382381473866, 0.9656378925255472, 0.9585273395022896, 0.9556382709324612, 0.9494157569643883, 0.9449744505810307, 0.9409948991322886, 0.9363358288962494, 0.9332324236590503, 0.9276025860234373, 0.9240451219641126, 0.9217138123610371, 0.9172335223324182, 0.9127629321625534, 0.9136501524510526, 0.9087855031787941, 0.9064987935483534, 0.9036369009354804, 0.9004910774273481, 0.8992279391883979, 0.8979672139972967, 0.8919764291111815, 0.8909570855204787, 0.889477323561865, 0.8877520838392131, 0.8845720645985655, 0.8812604920200205, 0.8800052175469517]}